{"cameraMode":{"drawMode":0,"name":"Shaded","section":"Shading Mode"},"sceneLighting":true,"audioPlay":false,"sceneViewState":{"m_AlwaysRefresh":false,"showFog":true,"showSkybox":true,"showFlares":true,"showImageEffects":true,"showParticleSystems":true,"showVisualEffectGraphs":true,"m_FxEnabled":true},"in2DMode":false,"pivot":{"x":-326.05181884765627,"y":59.13485336303711,"z":25.936264038085939},"rotation":{"x":0.10760696977376938,"y":0.8051191568374634,"z":-0.1540093570947647,"w":0.5625877976417542},"size":19.392932891845704,"orthographic":false}